ZIP_CODE,PO_NAME,New York Yankees,New York Mets,Boston Red Sox,Washington Nationals,Tampa Bay Rays
10001,New York,45.49,38.56,2.75,0.76,0.28
10002,New York,43.62,38.73,3.07,1.15,0.38
10003,New York,44.66,30.16,5.47,1.33,0.33
10004,New York,32.49,38.58,3.55,1.02,2.03
10005,New York,46.75,30.95,5.19,1.08,0.43
10006,New York,43.75,30.63,5.63,1.25,
10007,New York,33.94,37.1,4.98,1.81,0.9
10009,New York,45.85,35.96,3.62,1.11,0.49
10010,New York,41.34,36.45,3.61,1.28,0.32
10011,New York,40.95,34.51,5.5,1.4,0.84
10012,New York,38.31,35.91,3.68,1.84,0.55
10013,New York,33.11,23.48,5.54,3.03,0.92
10014,New York,41.31,33.08,4.76,1.54,0.51
10016,New York,45.53,34.31,3.41,0.79,0.44
10017,New York,46.74,31.25,5.3,1.09,0.27
10018,New York,35.19,28.95,3.05,1.2,1.2
10019,New York,48.05,31.61,3.15,1.13,0.83
10020,New York,40.74,22.22,1.23,1.23,
10021,New York,38.96,38.25,4.06,2.3,0.44
10022,New York,40.85,35.44,4.35,1.42,0.53
10023,New York,43.13,33.35,5.18,1.73,0.64
10024,New York,44.73,32.81,3.19,1.95,0.26
10025,New York,46.38,32.87,3.91,1.03,0.4
10026,New York,45.88,35.05,3.09,1.03,0.34
10027,New York,49,31.8,3.74,1.75,0.37
10028,New York,40.05,37.88,4.35,1.12,0.26
10029,New York,54.36,33.56,2.11,1.05,0.58
10030,New York,56.03,28.01,1.95,0.65,0.33
10031,New York,60.87,24.81,2.17,0.51,0.77
10032,New York,64.62,21.99,2.09,0.61,0.49
10033,New York,55.35,28.83,2.31,1.82,0.61
10034,New York,51.18,35.63,2.17,nan,0.59
10035,New York,48.69,39.14,3.82,0.72,0.72
10036,New York,43.9,35.51,4.75,1.3,0.47
10037,New York,51.53,39.26,,0.61,1.23
10038,New York,30.25,43.02,4.41,1.32,0.29
10039,New York,66.06,24.89,0.45,1.36,
10040,New York,62.9,25.34,2.14,0.76,0.61
10044,New York,52.27,35.45,4.09,nan,
10069,New York,53.48,28.88,3.74,2.14,0.53
10128,New York,47.9,32.42,3.92,1.56,0.27
10168,New York,,33.33,,nan,
10280,New York,36.52,47.39,3.04,2.17,
10281,New York,50,21.43,7.14,nan,
10282,New York,43.81,35.24,2.86,0.95,0.95
10301,Staten Island,34.23,43.78,3.78,1.62,0.72
10302,Staten Island,28.31,59.36,2.74,0.91,0.46
10303,Staten Island,40.19,47.2,3.27,nan,
10304,Staten Island,42.12,37.97,3.94,0.83,0.21
10305,Staten Island,37.43,42,3.69,0.88,0.88
10306,Staten Island,34.56,44.22,3.83,1.47,0.81
10307,Staten Island,31.92,44.87,3.57,1.12,1.12
10308,Staten Island,32.77,48.15,2.92,1.85,0.62
10309,Staten Island,38.62,45.95,3.5,0.88,1.09
10310,Staten Island,39.95,41.61,3.78,0.95,0.47
10312,Staten Island,35.37,46.98,3.42,1.28,0.85
10314,Staten Island,33.27,46.62,2.42,1.51,0.97
10451,Bronx,69.89,21.48,3.17,0.53,0.18
10452,Bronx,76.87,17.09,1.54,0.41,0.2
10453,Bronx,67.74,24.19,2.05,0.15,0.44
10454,Bronx,66.24,25.08,0.96,1.93,1.29
10455,Bronx,66.82,27.62,0.67,0.22,0.89
10456,Bronx,67.87,24.43,1.51,0.6,0.15
10457,Bronx,75.19,20,0.74,0.19,0.37
10458,Bronx,70.35,23.88,2.31,0.13,0.26
10459,Bronx,53.32,34.23,1.45,0.21,0.62
10460,Bronx,58.05,30.38,0.9,0.9,0.54
10461,Bronx,43.67,33.6,4.1,0.98,0.98
10462,Bronx,50.78,41.31,1.37,0.68,0.29
10463,Bronx,57.45,30.64,2.2,0.92,0.43
10464,Bronx,50.47,35.51,0.93,0.93,3.74
10465,Bronx,45.73,42.02,2.42,0.86,0.86
10466,Bronx,64.12,27.97,2.26,nan,0.28
10467,Bronx,68.45,23.32,1.86,0.23,0.7
10468,Bronx,65.68,24.26,3.55,0.59,0.15
10469,Bronx,63.46,26.4,2.1,1.05,1.4
10470,Bronx,43.42,46.22,2.24,0.28,1.12
10471,Bronx,59.71,24.06,3.48,0.72,0.72
10472,Bronx,53.95,37.96,0.96,nan,0.96
10473,Bronx,59.09,31.47,1.05,nan,0.7
10474,Bronx,58.24,35.16,1.1,nan,
10475,Bronx,51.18,34.68,2.69,0.67,1.35
10501,Amawalk,45,22.5,,12.5,5
10502,Ardsley,47.42,30.99,4.23,2.35,
10504,Armonk,41.55,33.8,3.87,3.17,0.7
10505,Baldwin Place,54.9,29.41,,nan,1.96
10506,Bedford,38.46,33.17,9.13,4.81,0.48
10507,Bedford Hills,38.74,43.24,4.5,2.7,0.9
10509,Brewster,40.91,36.98,6.61,0.83,0.83
10510,Briarcliff Manor,47.63,26.92,6.51,0.89,0.59
10511,Buchanan,62.5,26.92,1.92,nan,0.96
10512,Carmel,49.26,29.76,5.51,1.64,0.89
10514,Chappaqua,39.34,31.02,6.09,2.22,0.28
10516,Cold Spring,47.58,27.42,4.03,nan,2.42
10517,Crompond,33.33,40,,nan,
10518,Cross River,17.78,35.56,11.11,nan,6.67
10519,Croton Falls,75,12.5,12.5,nan,
10520,Croton on Hudson,54.21,28.93,3.37,1.69,0.84
10522,Dobbs Ferry,56.38,26.41,4.15,0.89,0.59
10523,Elmsford,47.45,32.65,6.63,1.53,1.53
10524,Garrison,39.47,36.84,5.26,1.32,
10526,Goldens Bridge,42.03,39.13,10.14,nan,
10527,Granite Springs,35,47.5,5,nan,
10528,Harrison,49.4,31.33,5.42,1,1
10530,Hartsdale,42.17,33.59,6.31,0.76,0.76
10532,Hawthorne,45.96,31.68,4.35,1.24,
10533,Irvington,50.23,26.94,4.11,4.57,0.46
10535,Jefferson Valley,81.25,6.25,,nan,6.25
10536,Katonah,43.33,36.39,5.83,1.11,0.28
10537,Lake Peekskill,47.37,36.84,2.63,2.63,
10538,Larchmont,36.3,35.25,6.28,1.92,0.17
10541,Mahopac,47.95,35.87,3.62,0.85,1.09
10543,Mamaroneck,40.89,39.35,6.64,0.68,0.68
10546,Millwood,50,17.39,4.35,10.87,
10547,Mohegan Lake,54.92,25.91,5.7,nan,0.52
10548,Montrose,65.22,22.83,2.17,1.09,2.17
10549,Mount Kisco,35.24,35.71,7.86,1.9,0.71
10550,Mount Vernon,49.27,33.17,1.95,0.98,0.98
10552,Mount Vernon,44.16,39.12,3.15,0.63,0.63
10553,Mount Vernon,49.23,26.15,1.54,3.08,3.08
10560,North Salem,45.45,25,11.36,4.55,1.14
10562,Ossining,56.8,25.56,4.26,0.81,0.2
10566,Peekskill,53.11,19.88,1.24,0.93,0.31
10567,Cortlandt Manor,45.24,32.23,4.03,0.92,1.47
10570,Pleasantville,40.46,33.33,8.26,1.71,0.85
10573,Port Chester,46.25,33.72,4.18,1.59,0.58
10576,Pound Ridge,35.71,41.76,4.4,1.1,
10577,Purchase,44.04,28.44,2.75,4.59,
10578,Purdys,47.37,31.58,5.26,nan,
10579,Putnam Valley,48.91,34.31,5.11,nan,1.82
10580,Rye,41.54,31.69,9.03,1.31,0.99
10583,Scarsdale,38.83,34.37,7.22,1.28,0.68
10588,Shrub Oak,43.62,31.91,8.51,1.06,1.06
10589,Somers,36.29,38.61,7.72,1.93,1.54
10590,South Salem,46.21,24.24,9.09,0.76,0.76
10591,Tarrytown,49.39,33.87,3.24,0.81,0.54
10594,Thornwood,68.72,14.87,4.1,0.51,1.54
10595,Valhalla,45.96,35.35,6.06,2.02,0.51
10596,Verplanck,54.55,33.33,3.03,3.03,
10597,Waccabuc,51.16,23.26,4.65,2.33,2.33
10598,Yorktown Heights,52.16,29.68,4.76,0.89,0.44
10601,White Plains,38.19,37.4,4.33,1.97,0.79
10603,White Plains,41.89,38.05,3.24,1.47,1.47
10604,West Harrison,47.06,32.68,6.54,2.61,0.33
10605,White Plains,38.32,37.48,6.39,1.68,0.17
10606,White Plains,42.12,31.51,4.18,2.89,0.32
10607,White Plains,41.84,24.82,2.84,2.13,2.13
10701,Yonkers,50.49,37.45,2.95,0.98,0.56
10703,Yonkers,34.29,20.61,4.05,1.01,0.17
10704,Yonkers,55.96,29.36,2.62,1.02,1.31
10705,Yonkers,55.21,28.63,2.66,0.61,0.2
10706,Hastings on Hudson,54.85,25.37,3.73,1.49,1.49
10707,Tuckahoe,52.16,30,4.32,1.89,0.54
10708,Bronxville,45.1,32.8,4.1,2.78,1.02
10709,Eastchester,51.72,32.84,4.17,0.25,0.74
10710,Yonkers,53.57,32.74,2.23,0.6,0.6
10801,New Rochelle,49.91,30.96,5.63,1.31,0.94
10803,Pelham,40.64,37.87,5.74,0.64,0.85
10804,New Rochelle,38.3,45.05,4.08,1.1,0.78
10805,New Rochelle,47.77,38.14,3.09,1.03,1.03
10901,Suffern,45.29,32.66,3.03,1.35,0.67
10913,Blauvelt,48.92,30.65,8.6,2.15,0.54
10914,Blooming Grove,36.36,18.18,9.09,9.09,9.09
10916,Campbell Hall,45.71,32.38,2.86,nan,3.81
10917,Central Valley,58,18,4,nan,
10918,Chester,50.45,25.23,3.6,0.45,2.25
10919,Circleville,41.18,23.53,5.88,nan,
10920,Congers,40.87,36.9,5.56,1.59,0.79
10921,Florida,33.75,32.5,8.75,1.25,1.25
10922,Fort Montgomery,49.02,15.69,5.88,3.92,1.96
10923,Garnerville,58.33,23.33,6.11,0.56,1.67
10924,Goshen,39.36,30.5,4.96,2.48,1.42
10925,Greenwood Lake,45.78,32.53,9.64,nan,1.2
10926,Harriman,34.55,47.27,3.64,1.82,
10927,Haverstraw,37.78,44.44,4.44,2.22,2.96
10928,Highland Falls,53.33,24.44,6.67,1.11,
10930,Highland Mills,39.82,37.1,3.62,2.26,0.45
10931,Hillburn,57.14,28.57,14.29,nan,
10933,Johnson,71.43,,28.57,nan,
10940,Middletown,39.29,39.29,6.37,1.95,1.42
10941,Middletown,35.92,35.92,4.37,1.94,1.94
10950,Monroe,45.9,32.62,5.25,0.82,0.66
10952,Monsey,53.47,30.12,1.93,0.58,0.39
10953,Mountainville,63.64,18.18,,nan,
10954,Nanuet,47.15,30.25,4.45,2.67,0.53
10956,New City,41.95,34.97,5.85,1.44,0.31
10958,New Hampton,39.39,31.82,4.55,6.06,
10960,Nyack,50.15,29.54,5.54,1.23,1.85
10962,Orangeburg,48.81,32.14,6.55,0.6,0.6
10963,Otisville,42.86,40,5.71,nan,
10964,Palisades,29.07,66.28,,nan,
10965,Pearl River,46.31,33.85,6.31,0.77,0.46
10968,Piermont,39.06,26.56,1.56,nan,3.13
10969,Pine Island,26.92,38.46,3.85,nan,3.85
10970,Pomona,30.28,18.66,4.23,0.35,
10973,Slate Hill,45.61,26.32,3.51,nan,3.51
10974,Sloatsburg,35.96,42.7,4.49,3.37,
10975,Southfields,57.14,28.57,,nan,
10976,Sparkill,42.86,38.1,2.38,2.38,
10977,Spring Valley,54.71,33.73,2.55,0.59,0.59
10980,Stony Point,50.95,33.1,4.05,1.43,0.95
10983,Tappan,53.4,28.16,7.28,0.49,0.49
10984,Thiells,49.18,31.15,1.64,3.28,
10985,Thompson Ridge,33.33,,,nan,
10986,Tomkins Cove,48,40,4,nan,
10987,Tuxedo Park,34,26,12,nan,6
10988,Unionville,,80,,nan,
10989,Valley Cottage,37.5,41.22,3.04,2.36,1.01
10990,Warwick,34.57,35.11,10.64,1.33,1.33
10992,Washingtonville,38.54,35.12,6.83,0.49,2.44
10993,West Haverstraw,60.49,25.93,3.7,nan,1.23
10994,West Nyack,49.14,35.34,3.45,1.72,1.72
10996,West Point,51.65,17.58,9.89,3.3,
10998,Westtown,48,34,2,nan,
11001,Floral Park,16.89,72.25,2.21,1.11,0.62
11003,Elmont,17.17,73.48,1.96,0.87,1.09
11004,Glen Oaks,13.95,74.42,2.33,0.33,0.66
11005,Floral Park,16.28,44.19,,9.3,
11010,Franklin Square,21.37,65.07,3.51,0.88,0.98
11020,Great Neck,22.52,60.93,0.66,1.99,
11021,Great Neck,22.46,64.49,1.92,1.15,0.96
11023,Great Neck,20.94,67.09,2.56,0.43,0.85
11024,Great Neck,25.23,60.75,1.4,2.34,0.47
11030,Manhasset,17.74,65.74,3.77,1.58,0.97
11040,New Hyde Park,20.35,63.55,3.55,1.3,1.56
11042,New Hyde Park,4.76,42.86,,23.81,
11050,Port Washington,20.12,64.58,2.87,1.18,1.01
11096,Inwood,26.62,62.99,1.95,0.65,
11101,Long Island City,33.62,52.55,2.04,0.68,0.68
11102,Astoria,28.11,60.02,1.66,0.83,0.83
11103,Astoria,22.86,61.95,2.71,0.79,0.52
11104,Sunnyside,22.85,66.2,1.8,0.28,0.55
11105,Astoria,29.76,58.1,2.73,0.75,0.75
11106,Astoria,29.42,58.41,2.39,0.65,0.87
11109,Long Island City,27.86,54.84,3.23,0.59,0.59
11201,Brooklyn,35.1,41.7,3.51,1.8,0.51
11203,Brooklyn,43.7,45.19,0.74,0.37,0.37
11204,Brooklyn,41.33,43.11,1.02,0.51,0.26
11205,Brooklyn,34.1,47.47,3.69,0.69,
11206,Brooklyn,39.69,44.43,1.98,1.1,0.66
11207,Brooklyn,35.42,52.84,2.27,0.38,0.57
11208,Brooklyn,32.45,57.57,2.66,0.67,0.83
11209,Brooklyn,31.81,48.95,3.83,0.27,0.36
11210,Brooklyn,36.81,36.6,1.94,2.15,1.08
11211,Brooklyn,37.25,45.14,2.98,0.79,0.35
11212,Brooklyn,40.58,46.86,0.97,0.48,0.97
11213,Brooklyn,49.57,36.3,2.17,nan,0.43
11214,Brooklyn,37.5,51.79,1.19,0.99,1.19
11215,Brooklyn,33.78,44.1,3.96,1.48,0.28
11216,Brooklyn,34.49,47.26,2.01,1.64,
11217,Brooklyn,34.78,46.7,3.09,1.26,0.14
11218,Brooklyn,30.91,46.29,3.36,0.56,0.28
11219,Brooklyn,40.52,39.54,2.61,0.98,1.63
11220,Brooklyn,39.29,46.62,1.5,0.94,1.32
11221,Brooklyn,37.87,47.46,2.94,0.49,0.49
11222,Brooklyn,29.82,53.7,3.02,0.49,0.68
11223,Brooklyn,35.81,38.58,1.22,0.78,0.67
11224,Brooklyn,39.04,42.54,0.88,0.88,0.88
11225,Brooklyn,34.44,44.44,2.89,1.11,
11226,Brooklyn,33.46,43.36,4.3,2.06,
11228,Brooklyn,28.85,57.7,2.08,0.42,0.97
11229,Brooklyn,36.66,48.95,2.21,0.33,0.33
11230,Brooklyn,36.88,36.61,4.61,1.06,0.71
11231,Brooklyn,28.96,49.1,4.18,1.64,0.45
11232,Brooklyn,29.64,55.99,2.99,1.2,0.6
11233,Brooklyn,38.34,48.7,1.04,0.52,0.26
11234,Brooklyn,31.35,50.34,2.68,0.86,0.67
11235,Brooklyn,35.65,48.7,2.83,1.3,0.65
11236,Brooklyn,37,48.5,1.5,2.5,0.5
11237,Brooklyn,37.57,51.24,2.07,0.28,0.69
11238,Brooklyn,31.33,45.95,4.31,1.44,0.26
11239,Brooklyn,39.33,48.31,1.12,nan,
11249,Brooklyn,32.96,42.56,2.82,1.69,1.32
11251,Brooklyn,100,,,nan,
11354,Flushing,16.09,76.88,1.4,0.13,0.77
11355,Flushing,12.7,80.6,1.28,0.57,0.57
11356,College Point,16.18,75.35,1.69,0.31,0.77
11357,Whitestone,17.78,71.75,2.36,0.71,1.02
11358,Flushing,12.96,78.1,1.68,0.67,0.56
11360,Bayside,11.28,74.19,3.71,0.62,0.46
11361,Bayside,18.03,67.96,3.24,0.52,1.43
11362,Little Neck,13.85,79.74,1.79,0.26,0.77
11363,Little Neck,17.57,72.97,1.35,0.68,2.03
11364,Oakland Gardens,21.42,65.98,2.52,0.47,1.1
11365,Fresh Meadows,19.68,70.41,0.73,0.87,1.17
11366,Fresh Meadows,15.02,66.52,0.43,1.29,
11367,Flushing,20.08,69.19,2.48,0.41,0.41
11368,Corona,22.81,71.38,0.55,0.37,0.55
11369,East Elmhurst,15.87,78.35,1.32,0.66,0.5
11370,East Elmhurst,20.46,70.57,1.84,0.46,0.46
11372,Jackson Heights,14.7,77.62,0.86,0.38,0.29
11373,Elmhurst,23.28,70.02,1.05,0.57,0.67
11374,Rego Park,22.67,66.06,2.1,0.66,1.05
11375,Forest Hills,20.25,68.09,2.13,0.95,0.65
11377,Woodside,25.07,65.99,1.33,0.49,0.42
11378,Maspeth,19.32,69.26,1.41,0.47,0.71
11379,Middle Village,18.92,70.21,2.07,0.83,1.74
11385,Ridgewood,24.93,62.96,2.28,0.94,0.89
11411,Cambria Heights,20.62,69.07,2.06,nan,1.03
11412,Saint Albans,29.05,58.11,2.7,1.35,2.03
11413,Springfield Gardens,14.04,67.42,2.25,1.69,1.69
11414,Howard Beach,23.99,66.71,2.03,0.72,0.72
11415,Kew Gardens,25.52,63.69,2.9,0.41,0.21
11416,Ozone Park,25.15,65.79,0.58,0.29,
11417,Ozone Park,26.36,61.09,1.46,1.26,0.84
11418,Richmond Hill,23.06,70.51,1.7,nan,0.57
11419,South Richmond Hill,24.84,65.48,0.97,1.94,0.65
11420,South Ozone Park,27.6,62.61,0.89,0.89,2.08
11421,Woodhaven,20.59,68.51,1.9,0.69,0.35
11422,Rosedale,21.18,60.59,0.59,1.18,1.18
11423,Hollis,21.72,70.59,0.45,0.45,0.9
11426,Bellerose,19.8,69.8,0.76,0.76,1.02
11427,Queens Village,26.67,62.46,2.11,0.7,
11428,Queens Village,24.23,70.62,1.03,0.52,
11429,Queens Village,31.15,63.11,,nan,0.82
11430,Jamaica,,33.33,,nan,
11432,Jamaica,24.11,68.58,1.56,0.93,0.16
11433,Jamaica,17.36,75,0.69,0.69,
11434,Jamaica,23.48,62.12,1.52,0.76,
11435,Jamaica,25.51,66.12,1.63,0.82,0.2
11436,Jamaica,29.73,64.86,,nan,1.35
11439,Jamaica,,100,,nan,
11501,Mineola,28.85,58.89,1.94,0.6,0.9
11507,Albertson,22.49,53.59,6.7,0.96,1.91
11509,Atlantic Beach,26.32,56.58,,2.63,
11510,Baldwin,22.46,57.63,3.44,1.2,1.05
11514,Carle Place,19.05,61.31,2.98,2.38,1.79
11516,Cedarhurst,31.79,50.36,1.43,1.07,1.79
11518,East Rockaway,22.22,65.36,2.4,1.31,2.18
11520,Freeport,29.23,56.37,2.3,0.84,1.25
11530,Garden City,16.94,67.35,2.92,1.75,0.76
11542,Glen Cove,21.04,64.16,3.38,1.3,1.04
11545,Glen Head,23.35,63.27,4.03,0.64,0.42
11547,Glenwood Landing,19.15,74.47,2.13,nan,
11548,Greenvale,31.82,63.64,,2.27,
11549,Hempstead,57.14,42.86,,nan,
11550,Hempstead,23.24,63.92,3.15,0.97,0.73
11552,West Hempstead,23.27,63.66,2.35,1.05,1.44
11553,Uniondale,26.78,61.2,1.09,0.55,
11554,East Meadow,26.22,58.36,3.14,1.05,0.52
11557,Hewlett,24.45,54.15,3.06,1.75,1.75
11558,Island Park,24.7,62.95,1.99,1.59,
11559,Lawrence,30.85,54.82,0.55,0.55,0.28
11560,Locust Valley,24.34,56.19,6.64,0.88,0.88
11561,Long Beach,21.75,59.08,3.75,1.58,1
11563,Lynbrook,16.63,67.25,4.25,1.13,0.88
11565,Malverne,23.56,58.4,4.51,1.5,1
11566,Merrick,24.95,57.62,3.11,1.12,1
11568,Old Westbury,26.72,46.55,4.31,2.59,1.72
11569,Point Lookout,16.67,51.85,9.26,nan,
11570,Rockville Centre,17.73,65.29,4.26,1.3,0.74
11572,Oceanside,22.41,64.32,2.57,0.91,0.83
11575,Roosevelt,53.85,41.88,0.85,nan,
11576,Roslyn,22.03,60.13,5.29,0.88,0.66
11577,Roslyn Heights,21.8,60,2.4,1.6,1.4
11579,Sea Cliff,14.92,59.12,3.31,1.1,0.55
11580,Valley Stream,22.51,61.97,2.98,1.42,1.03
11581,Valley Stream,23.36,65.11,2.65,0.47,
11590,Westbury,27,57.63,3.03,0.91,0.61
11596,Williston Park,22.87,62.4,3.49,1.16,0.78
11598,Woodmere,23.05,56.63,2.02,1.01,0.43
11691,Far Rockaway,35.06,44.63,0.91,1.16,0.78
11692,Arverne,32.03,57.81,,nan,0.78
11693,Far Rockaway,22.47,61.42,2.25,0.75,0.75
11694,Rockaway Park,25.74,58.03,3.43,1.72,0.94
11697,Breezy Point,18.57,64.29,4.29,0.95,0.95
11701,Amityville,27.58,54.9,3.35,nan,1.03
11702,Babylon,26.04,50.38,5.66,0.75,0.19
11703,North Babylon,23.26,61.1,3.38,0.63,1.9
11704,West Babylon,25.16,56.21,3.21,1.07,1.07
11705,Bayport,25.63,52.39,5.07,3.94,0.56
11706,Bay Shore,29.29,56.77,3.11,0.1,0.9
11709,Bayville,25.93,59.26,3.7,2.06,0.41
11710,Bellmore,26.09,56.75,3.31,0.98,1.2
11713,Bellport,42.68,37.58,5.1,3.18,0.64
11714,Bethpage,27.45,57.42,2.83,1.31,0.91
11715,Blue Point,26.6,53.72,3.72,0.53,
11716,Bohemia,24.27,57.28,5.18,0.32,1.62
11717,Brentwood,42.35,46.33,2.1,0.63,1.26
11718,Brightwaters,30.69,42.57,1.98,2.97,
11719,Brookhaven,28.95,53.95,3.95,nan,1.32
11720,Centereach,29.04,55.62,4.38,0.27,0.41
11721,Centerport,17.72,57.09,7.09,1.97,0.39
11722,Central Islip,42.55,44.07,2.13,0.91,
11724,Cold Spring Harbor,25.22,47.83,6.96,2.61,0.87
11725,Commack,25.42,55.17,4.42,1.58,1
11726,Copiague,33.19,52.52,1.26,0.42,1.68
11727,Coram,30.61,53.22,3.48,0.7,1.22
11729,Deer Park,27.33,60.66,1.84,1.1,0.86
11730,East Islip,26.84,54.33,4.11,1.52,1.08
11731,East Northport,27.82,56.93,3.79,1.2,0.46
11732,East Norwich,18.8,60.9,5.26,1.5,0.75
11733,East Setauket,27.47,49.49,5.66,3.03,0.2
11735,Farmingdale,26.17,54.95,3.2,1.5,0.8
11738,Farmingville,26.86,58.73,1.53,0.66,0.87
11739,Great River,17.65,44.12,11.76,nan,2.94
11740,Greenlawn,21.19,55.96,4.64,0.33,1.32
11741,Holbrook,23.14,58.74,4.4,1.89,1.51
11742,Holtsville,29.02,56.48,3.89,1.3,0.78
11743,Huntington,25.88,55.17,4.87,1.28,1.11
11746,Huntington Station,22.95,56.84,4.66,1.37,0.84
11747,Melville,21.63,59.19,3.72,1.86,1.16
11749,Islandia,22.22,51.85,5.56,nan,
11751,Islip,16.18,71.79,3.21,0.53,1.2
11752,Islip Terrace,25.4,61.59,3.49,0.63,0.63
11753,Jericho,22.13,59.56,3.01,2.46,1.09
11754,Kings Park,27.75,54.55,4.47,1.75,1.28
11755,Lake Grove,37.6,46.32,2.72,1.36,1.63
11756,Levittown,23.87,60.98,4.77,1.01,0.6
11757,Lindenhurst,26.75,57.69,2.98,0.84,1.12
11758,Massapequa,24.71,55.85,4.17,1.33,1.01
11762,Massapequa Park,22.7,63.34,3.59,0.78,0.78
11763,Medford,28.96,54.91,3.8,2.22,0.63
11764,Miller Place,30.95,52.63,4,0.42,1.26
11765,Mill Neck,,72.73,,27.27,
11766,Mount Sinai,29.17,49.22,5.21,1.56,1.82
11767,Nesconset,22.13,55.34,5.34,1.38,1.98
11768,Northport,26.43,52.06,4.81,1.83,0.92
11769,Oakdale,29.46,51.34,5.36,0.45,2.68
11770,Ocean Beach,,,,50,
11771,Oyster Bay,21.05,57.89,3.62,1.32,0.99
11772,Patchogue,29.14,52.72,3.87,1.21,1.57
11776,Port Jefferson Station,31.97,48.31,6.57,0.71,0.53
11777,Port Jefferson,29.04,51.1,4.41,1.47,0.37
11778,Rocky Point,23.24,61,4.56,nan,
11779,Ronkonkoma,30.89,52.21,4.73,0.91,0.8
11780,Saint James,26.14,46.93,5.35,1.19,0.59
11782,Sayville,29.92,51.57,3.54,2.36,0.79
11783,Seaford,21,63.77,4.54,1.14,1.14
11784,Selden,30.81,57.83,2.75,0.52,0.52
11786,Shoreham,24.61,57.81,5.86,1.56,1.56
11787,Smithtown,28.51,49.88,4.73,1.01,2.01
11788,Hauppauge,24.45,53.15,3.94,1.74,0.95
11789,Sound Beach,38.95,45.35,4.07,0.58,1.74
11790,Stony Brook,20.15,54.85,6.38,1.53,0.26
11791,Syosset,26.58,54.33,4.55,1.03,0.88
11792,Wading River,31.58,47.37,7.18,nan,0.96
11793,Wantagh,24.71,61.04,3.24,1.15,0.47
11795,West Islip,28.6,52.51,5.25,1.01,1.34
11796,West Sayville,26.23,54.92,5.74,3.28,0.82
11797,Woodbury,23.88,53.37,3.65,1.97,0.84
11798,Wyandanch,22.47,50.56,2.25,1.12,1.12
11801,Hicksville,22.99,62.52,3.72,0.68,0.68
11803,Plainview,25.27,56.69,3.34,0.47,0.93
11804,Old Bethpage,26.64,52.84,4.37,3.06,0.87
11901,Riverhead,29.3,48.05,5.86,1.95,0.78
11930,Amagansett,35,30,5,5,
11932,Bridgehampton,20,27.5,15,7.5,
11933,Calverton,24.51,54.9,6.86,2.94,1.96
11934,Center Moriches,30.67,45.78,3.11,0.89,1.33
11935,Cutchogue,20,51.11,2.22,2.22,2.22
11937,East Hampton,23.96,39.58,10.42,4.17,2.08
11939,East Marion,10,80,,nan,
11940,East Moriches,36.43,47.14,4.29,0.71,0.71
11941,Eastport,25.29,48.28,2.3,3.45,
11942,East Quogue,16.54,65.41,7.52,2.26,0.75
11944,Greenport,21.15,53.85,7.69,3.85,
11946,Hampton Bays,26.25,43.24,6.18,1.16,1.93
11947,Jamesport,22.22,59.26,,nan,
11948,Laurel,17.5,60,2.5,nan,2.5
11949,Manorville,24.26,56.87,5.39,1.08,0.54
11950,Mastic,22.89,62.32,2.11,0.35,1.06
11951,Mastic Beach,23.33,66.11,2.22,nan,1.67
11952,Mattituck,22.73,56.36,5.45,2.73,
11953,Middle Island,29.95,53.14,3.86,1.93,0.48
11954,Montauk,31.25,31.25,4.69,1.56,1.56
11955,Moriches,38.57,47.14,2.86,nan,2.86
11956,New Suffolk,44.44,55.56,,nan,
11957,Orient,27.27,9.09,,36.36,
11958,Peconic,26.67,46.67,20,nan,6.67
11959,Quogue,27.27,27.27,,nan,
11960,Remsenburg,27.03,51.35,2.7,nan,2.7
11961,Ridge,28.52,54.3,3.91,1.56,1.17
11962,Sagaponack,28.57,35.71,,nan,
11963,Sag Harbor,23.96,35.42,9.38,1.04,2.08
11964,Shelter Island,17.24,48.28,6.9,3.45,3.45
11965,Shelter Island Heights,52.94,35.29,,11.76,
11967,Shirley,31.29,55.84,1.98,0.2,1.19
11968,Southampton,24.08,44.5,4.71,2.09,1.57
11970,South Jamesport,,33.33,16.67,nan,16.67
11971,Southold,14.46,50.6,12.05,2.41,1.2
11972,Speonk,64.71,17.65,5.88,nan,
11975,Wainscott,11.76,35.29,11.76,11.76,5.88
11976,Water Mill,40.63,25,,6.25,3.13
11977,Westhampton,33.33,26.67,17.78,2.22,
11978,Westhampton Beach,24.51,44.12,8.82,2.94,0.98
11980,Yaphank,28.99,54.35,1.45,2.17,2.17
12008,Alplaus,71.43,14.29,14.29,nan,
12009,Altamont,35.42,11.11,18.06,1.39,4.17
12010,Amsterdam,37.94,20.57,16.31,1.42,1.77
12015,Athens,32,20,12,nan,2
12017,Austerlitz,,,100,nan,
12018,Averill Park,37.01,14.17,21.26,2.36,0.79
12019,Ballston Lake,30.31,18.47,25.09,1.39,4.18
12020,Ballston Spa,27.88,18.59,26.21,1.86,2.23
12022,Berlin,,,,nan,
12023,Berne,27.27,18.18,36.36,nan,
12025,Broadalbin,40.3,25.37,20.9,1.49,2.99
12027,Burnt Hills,27.78,16.67,41.67,nan,
12028,Buskirk,28.57,,57.14,nan,
12029,Canaan,13.64,9.09,59.09,nan,4.55
12031,Carlisle,50,,,nan,
12032,Caroga Lake,14.29,,28.57,nan,14.29
12033,Castleton on Hudson,25.74,21.78,33.66,1.98,0.99
12035,Central Bridge,28.57,14.29,28.57,nan,
12036,Charlotteville,,100,,nan,
12037,Chatham,31.91,25.53,17.02,2.13,
12041,Clarksville,20.83,4.17,4.17,8.33,
12042,Climax,50,,,nan,
12043,Cobleskill,11.67,23.33,31.67,1.67,1.67
12045,Coeymans,50,12.5,,nan,
12046,Coeymans Hollow,45.83,4.17,33.33,nan,
12047,Cohoes,34.97,19.02,26.38,0.92,1.23
12051,Coxsackie,24.53,39.62,11.32,nan,1.89
12052,Cropseyville,13.33,33.33,20,nan,
12053,Delanson,35.42,10.42,27.08,nan,4.17
12054,Delmar,32.38,17.62,13.99,2.59,2.07
12056,Duanesburg,27.27,27.27,13.64,nan,
12057,Eagle Bridge,27.27,,36.36,nan,
12058,Earlton,50,25,,nan,25
12059,East Berne,25,10,30,10,10
12060,East Chatham,16.67,16.67,50,nan,
12061,East Greenbush,34.41,13.44,17.74,5.38,1.08
12062,East Nassau,28.57,21.43,28.57,nan,
12063,East Schodack,55.56,,33.33,nan,
12064,East Worcester,25,25,50,nan,
12065,Clifton Park,29.32,15.3,22.02,2.2,2.55
12066,Esperance,10,40,20,nan,
12067,Feura Bush,31.82,18.18,27.27,nan,
12068,Fonda,21.21,39.39,21.21,nan,
12069,Fort Hunter,,,100,nan,
12070,Fort Johnson,40,20,20,nan,
12071,Fultonham,100,,,nan,
12072,Fultonville,56.25,15.63,12.5,nan,
12074,Galway,36,8,28,nan,
12075,Ghent,28,20,40,nan,
12076,Gilboa,31.58,47.37,5.26,nan,5.26
12077,Glenmont,32.62,15.6,25.53,nan,2.13
12078,Gloversville,35.38,23.08,18.46,nan,3.08
12083,Greenville,24.24,15.15,27.27,nan,3.03
12084,Guilderland,26.19,14.29,21.43,2.38,4.76
12086,Hagaman,22.86,20,37.14,nan,5.71
12087,Hannacroix,50,,,nan,7.14
12090,Hoosick Falls,16.67,24.36,32.05,nan,1.28
12092,Howes Cave,33.33,,33.33,nan,
12093,Jefferson,40,,20,nan,
12094,Johnsonville,44.44,18.52,14.81,3.7,
12095,Johnstown,48.84,14.73,17.05,3.1,1.55
12106,Kinderhook,38.24,32.35,8.82,nan,
12108,Lake Pleasant,88.89,,11.11,nan,
12110,Latham,38.2,17.51,18.04,2.12,0.53
12115,Malden Bridge,,50,50,nan,
12116,Maryland,40,,40,nan,
12117,Mayfield,47.37,5.26,15.79,5.26,
12118,Mechanicville,29.24,23.1,20.58,2.53,1.08
12120,Medusa,,100,,nan,
12121,Melrose,8.33,12.5,62.5,nan,4.17
12122,Middleburgh,35,15,15,nan,
12123,Nassau,18.37,22.45,24.49,nan,6.12
12124,New Baltimore,,66.67,,nan,
12125,New Lebanon,36.36,,45.45,nan,9.09
12130,Niverville,33.33,22.22,44.44,nan,
12131,North Blenheim,,100,,nan,
12134,Northville,45.45,9.09,27.27,nan,
12136,Old Chatham,50,20,20,nan,
12137,Pattersonville,57.14,14.29,14.29,nan,7.14
12138,Petersburg,16.67,16.67,66.67,nan,
12139,Piseco,,,50,nan,
12140,Poestenkill,20,5,40,20,
12143,Ravena,41.43,15.71,10,1.43,1.43
12144,Rensselaer,36.82,22.3,20.27,0.34,
12147,Rensselaerville,33.33,,33.33,nan,16.67
12148,Rexford,24.32,17.57,17.57,nan,1.35
12149,Richmondville,22.22,27.78,11.11,nan,
12150,Rotterdam Junction,45.45,27.27,18.18,nan,
12151,Round Lake,50,,33.33,nan,
12153,Sand Lake,30,,10,nan,
12154,Schaghticoke,47.83,8.7,21.74,4.35,4.35
12155,Schenevus,21.74,8.7,30.43,4.35,
12156,Schodack Landing,75,,25,nan,
12157,Schoharie,34.62,15.38,11.54,3.85,3.85
12158,Selkirk,32.63,16.84,22.11,1.05,2.11
12159,Slingerlands,17.17,19.7,24.75,2.53,2.02
12160,Sloansville,31.25,31.25,6.25,nan,
12161,South Bethlehem,,,,nan,
12164,Speculator,7.69,15.38,7.69,nan,
12165,Spencertown,25,50,,nan,
12166,Sprakers,33.33,33.33,,nan,
12167,Stamford,33.33,33.33,27.78,nan,
12168,Stephentown,40,,20,nan,
12169,Stephentown,16.67,50,16.67,nan,16.67
12170,Stillwater,38.57,12.86,30,1.43,2.86
12172,Stottville,25,43.75,31.25,nan,
12173,Stuyvesant,27.78,16.67,5.56,nan,16.67
12174,Stuyvesant Falls,50,,,nan,50
12175,Summit,,,50,50,
12176,Surprise,16.67,16.67,,16.67,
12177,Tribes Hill,81.25,6.25,12.5,nan,
12180,Troy,35.96,15.21,20.75,2.33,1.79
12182,Troy,39.74,19.87,23.84,0.66,
12183,Troy,36.84,28.95,15.79,nan,
12184,Valatie,24.55,24.55,20.91,1.82,2.73
12185,Valley Falls,68.42,,26.32,nan,
12186,Voorheesville,37.84,11.71,24.32,3.6,4.5
12187,Warnerville,75,,,nan,
12188,Waterford,44.83,15.33,13.79,1.15,0.77
12189,Watervliet,37.41,17.48,22.38,0.7,2.8
12190,Wells,30,60,,nan,
12192,West Coxsackie,11.11,33.33,22.22,nan,
12193,Westerlo,25,37.5,12.5,nan,12.5
12194,West Fulton,,,100,nan,
12196,West Sand Lake,25.49,39.22,11.76,1.96,3.92
12197,Worcester,18.18,4.55,36.36,nan,
12198,Wynantskill,37.28,15.98,20.71,2.37,1.18
12202,Albany,24.19,29.03,12.9,nan,
12203,Albany,35.6,23.56,15.18,2.09,1.83
12204,Albany,34.48,16.09,16.09,1.15,3.45
12205,Albany,37.78,19.81,17.04,1.11,1.67
12206,Albany,46.38,11.59,13.04,nan,
12207,Albany,33.33,16.67,5.56,5.56,
12208,Albany,33.1,21.95,19.16,2.44,1.05
12209,Albany,41.67,17.71,16.67,1.04,4.17
12210,Albany,24.1,25.3,14.46,6.02,3.61
12211,Albany,31.94,16.73,19.39,4.18,
12302,Schenectady,38.74,16.21,19.23,2.75,1.65
12303,Schenectady,33.42,24.46,21.2,2.17,1.9
12304,Schenectady,28.65,32.43,18.92,2.16,2.16
12305,Schenectady,41.18,23.53,14.71,nan,
12306,Schenectady,37.09,17.84,21.36,1.88,2.11
12307,Schenectady,75,12.5,,nan,
12308,Schenectady,42.64,20.93,17.05,3.1,1.55
12309,Schenectady,29.41,18.01,20.96,2.57,2.02
12401,Kingston,41.75,28.77,8.02,0.71,1.89
12404,Accord,43.9,24.39,12.2,nan,
12405,Acra,50,50,,nan,
12406,Arkville,,,,100,
12407,Ashland,100,,,nan,
12409,Bearsville,,50,,nan,
12410,Big Indian,,50,,nan,
12411,Bloomington,100,,,nan,
12412,Boiceville,,,100,nan,
12413,Cairo,28,40,16,4,4
12414,Catskill,34.48,37.07,11.21,0.86,
12418,Cornwallville,100,,,nan,
12419,Cottekill,50,7.14,7.14,7.14,7.14
12421,Denver,100,,,nan,
12422,Durham,25,50,,nan,
12423,East Durham,40,30,15,nan,
12424,East Jewett,,100,,nan,
12427,Elka Park,57.14,,,28.57,
12428,Ellenville,38.6,33.33,3.51,3.51,1.75
12430,Fleischmanns,20,20,,nan,
12431,Freehold,30.77,15.38,7.69,nan,15.38
12432,Glasco,50,12.5,12.5,nan,
12433,Glenford,16.67,16.67,16.67,nan,
12434,Grand Gorge,28.57,14.29,14.29,nan,14.29
12435,Greenfield Park,50,50,,nan,
12436,Haines Falls,6.67,26.67,10,6.67,6.67
12439,Hensonville,,100,,nan,
12440,High Falls,26.32,31.58,5.26,5.26,
12442,Hunter,,50,,nan,50
12443,Hurley,27.42,33.87,8.06,1.61,
12444,Jewett,33.33,,33.33,nan,
12446,Kerhonkson,51.06,34.04,6.38,nan,
12448,Lake Hill,100,,,nan,
12449,Lake Katrine,31.25,46.88,9.38,6.25,
12450,Lanesville,,100,,nan,
12451,Leeds,53.33,26.67,6.67,nan,
12453,Malden on Hudson,,,,nan,
12454,Maplecrest,33.33,33.33,33.33,nan,
12455,Margaretville,50,,,nan,
12456,Mount Marion,30,60,10,nan,
12457,Mount Tremper,66.67,,,nan,
12458,Napanoch,44,36,4,nan,
12460,Oak Hill,50,50,,nan,
12461,Olivebridge,60,30,,nan,
12463,Palenville,77.78,5.56,5.56,nan,
12464,Phoenicia,,83.33,,16.67,
12466,Port Ewen,52.63,23.68,5.26,nan,
12468,Prattsville,75,25,,nan,
12469,Preston Hollow,,,100,nan,
12470,Purling,33.33,66.67,,nan,
12472,Rosendale,81.25,,,nan,
12473,Round Top,11.11,33.33,11.11,nan,
12474,Roxbury,83.33,16.67,,nan,
12477,Saugerties,36.15,33.33,12.21,nan,0.94
12480,Shandaken,66.67,33.33,,nan,
12481,Shokan,50,33.33,,16.67,
12482,South Cairo,33.33,,33.33,nan,
12484,Stone Ridge,45.45,13.64,4.55,nan,
12485,Tannersville,87.5,12.5,,nan,
12486,Tillson,46.67,20,13.33,nan,
12487,Ulster Park,27.27,27.27,9.09,4.55,
12489,Wawarsing,,50,50,nan,
12491,West Hurley,57.14,25,10.71,nan,
12492,West Kill,,,,nan,100
12494,West Shokan,72.73,,9.09,nan,9.09
12496,Windham,27.78,22.22,27.78,nan,
12498,Woodstock,44.44,20,6.67,2.22,4.44
12501,Amenia,16.36,45.45,,1.82,
12502,Ancram,100,,,nan,
12503,Ancramdale,50,,,nan,
12507,Barrytown,,,100,nan,
12508,Beacon,45.42,29.93,5.63,1.41,2.11
12512,Chelsea,100,,,nan,
12513,Claverack,30.77,38.46,15.38,nan,
12514,Clinton Corners,31.71,20.73,12.2,3.66,1.22
12515,Clintondale,38.46,23.08,15.38,nan,
12516,Copake,33.33,33.33,11.11,nan,5.56
12518,Cornwall,37.58,29.3,8.28,1.91,1.27
12520,Cornwall on Hudson,45.07,25.35,9.86,nan,
12521,Craryville,35,20,25,5,
12522,Dover Plains,37.04,38.89,7.41,nan,
12523,Elizaville,53.33,20,13.33,nan,6.67
12524,Fishkill,44.87,27,9.13,1.52,1.14
12525,Gardiner,39.73,28.77,8.22,4.11,2.74
12526,Germantown,40.68,23.73,11.86,3.39,
12528,Highland,50.72,28.02,3.86,1.93,
12529,Hillsdale,31.82,9.09,22.73,nan,
12530,Hollowville,,66.67,33.33,nan,
12531,Holmes,41.98,38.27,4.94,1.23,
12533,Hopewell Junction,50.32,31.69,3.82,0.64,1.11
12534,Hudson,39.29,18.45,15.48,1.79,0.6
12538,Hyde Park,37.7,32.98,14.66,1.05,0.52
12540,Lagrangeville,43.62,32.21,6.04,2.01,0.67
12542,Marlboro,54.95,25.27,2.2,3.3,1.1
12543,Maybrook,37.84,10.81,,nan,
12545,Millbrook,45.59,17.65,8.82,7.35,1.47
12546,Millerton,50,7.14,14.29,nan,3.57
12547,Milton,42,30,14,nan,2
12548,Modena,21.74,56.52,4.35,nan,
12549,Montgomery,40,33.33,5.67,1,0.67
12550,Newburgh,47.3,29.74,2.78,1.22,1.22
12553,New Windsor,50.1,29.94,4.89,1.63,0.81
12561,New Paltz,49.39,29.39,4.9,nan,1.22
12563,Patterson,51.48,23.67,5.92,1.78,1.18
12564,Pawling,46.09,29.57,4.35,0.87,
12565,Philmont,14.29,14.29,28.57,14.29,
12566,Pine Bush,46.67,33.89,7.22,0.56,1.11
12567,Pine Plains,25,42.86,7.14,3.57,
12569,Pleasant Valley,47.8,29.67,6.59,0.55,0.55
12570,Poughquag,43.33,30.56,3.89,2.78,
12571,Red Hook,40.35,35.96,7.02,0.88,
12572,Rhinebeck,32.08,31.13,14.15,0.94,0.94
12575,Rock Tavern,44.59,41.89,2.7,nan,4.05
12577,Salisbury Mills,56.25,33.33,,nan,
12578,Salt Point,48.53,17.65,20.59,nan,
12580,Staatsburg,28.57,35.71,16.67,4.76,
12581,Stanfordville,65,30,5,nan,
12582,Stormville,48.57,27.62,6.67,0.95,2.86
12583,Tivoli,25,50,12.5,nan,
12585,Verbank,63.64,,9.09,nan,9.09
12586,Walden,42.13,32.68,4.72,0.39,0.79
12589,Wallkill,41.09,36.82,5.81,1.55,0.39
12590,Wappingers Falls,51.19,27.47,6.48,0.68,1.71
12592,Wassaic,71.43,14.29,14.29,nan,
12594,Wingdale,45.45,27.27,3.03,nan,3.03
12601,Poughkeepsie,49.61,26.23,6.23,2.08,0.52
12603,Poughkeepsie,40.23,34.72,8.68,0.83,0.67
12604,Poughkeepsie,33.33,,,nan,
12701,Monticello,39.13,41.3,5.43,nan,1.09
12719,Barryville,28.57,21.43,7.14,7.14,21.43
12720,Bethel,,,,nan,
12721,Bloomingburg,31.43,51.43,4.29,nan,4.29
12723,Callicoon,27.27,45.45,9.09,nan,
12725,Claryville,20,80,,nan,
12726,Cochecton,33.33,33.33,,nan,
12729,Cuddebackville,25,58.33,8.33,nan,
12732,Eldred,6.67,60,6.67,6.67,
12733,Fallsburg,,50,,nan,
12734,Ferndale,100,,,nan,
12736,Fremont Center,20,60,20,nan,
12737,Glen Spey,59.26,18.52,11.11,3.7,
12738,Glen Wild,100,,,nan,
12740,Grahamsville,15,30,15,nan,
12741,Hankins,,50,,nan,
12742,Harris,,100,,nan,
12743,Highland Lake,16.67,83.33,,nan,
12746,Huguenot,46.67,20,13.33,nan,
12747,Hurleyville,53.85,30.77,7.69,nan,
12748,Jeffersonville,37.5,25,,nan,
12751,Kiamesha Lake,33.33,,33.33,nan,
12752,Lake Huntington,,50,,nan,
12754,Liberty,48.39,32.26,6.45,3.23,3.23
12758,Livingston Manor,45.95,24.32,5.41,5.41,
12759,Loch Sheldrake,37.5,25,12.5,nan,
12762,Mongaup Valley,50,25,,nan,
12763,Mountain Dale,18.18,27.27,,nan,
12764,Narrowsburg,61.54,15.38,23.08,nan,
12765,Neversink,30,20,20,nan,20
12766,North Branch,100,,,nan,
12768,Parksville,12.5,50,,12.5,
12770,Pond Eddy,50,50,,nan,
12771,Port Jervis,40.67,44.67,2.67,nan,2
12775,Rock Hill,32,30,2,nan,2
12776,Roscoe,38.24,23.53,,2.94,
12777,Forestburgh,40,20,20,nan,
12778,Smallwood,87.5,12.5,,nan,
12779,South Fallsburg,33.33,22.22,,nan,
12780,Sparrow Bush,27.27,36.36,9.09,9.09,4.55
12783,Swan Lake,77.78,11.11,,nan,
12785,Westbrookville,55.56,22.22,22.22,nan,
12786,White Lake,,,,50,
12787,White Sulphur Springs,100,,,nan,
12788,Woodbourne,38.89,27.78,,nan,5.56
12789,Woodridge,52.17,26.09,,nan,
12790,Wurtsboro,42.31,28.85,3.85,1.92,
12791,Youngsville,,16.67,16.67,nan,
12792,Yulan,,100,,nan,
12801,Glens Falls,33.17,12.38,35.15,0.99,
12803,South Glens Falls,34.09,15.91,23.86,3.41,0.57
12804,Queensbury,30.28,13.3,24.08,0.69,4.13
12808,Adirondack,33.33,,33.33,nan,33.33
12809,Argyle,69.44,8.33,12.5,nan,
12810,Athol,33.33,,,nan,
12811,Bakers Mills,,,,nan,
12812,Blue Mountain Lake,,,100,nan,
12814,Bolton Landing,38.1,33.33,19.05,nan,
12815,Brant Lake,28.57,28.57,14.29,nan,14.29
12816,Cambridge,26,6,48,2,2
12817,Chestertown,33.33,16.67,20.83,4.17,
12819,Clemons,100,,,nan,
12821,Comstock,50,,50,nan,
12822,Corinth,29.55,20.45,27.27,2.27,11.36
12823,Cossayuna,,66.67,33.33,nan,
12824,Diamond Point,33.33,16.67,33.33,nan,
12827,Fort Ann,34.48,13.79,27.59,nan,10.34
12828,Fort Edward,22.41,24.14,26.72,0.86,1.72
12831,Gansevoort,25.42,17.63,24.75,2.03,1.36
12832,Granville,18.67,16,34.67,2.67,2.67
12833,Greenfield Center,23.91,34.78,19.57,nan,4.35
12834,Greenwich,30.88,23.53,17.65,2.94,2.94
12835,Hadley,44,28,8,nan,
12836,Hague,91.43,2.86,5.71,nan,
12837,Hampton,,,66.67,nan,
12838,Hartford,50,,,nan,50
12839,Hudson Falls,43.08,15.38,26.15,nan,2.31
12842,Indian Lake,50,,,nan,16.67
12843,Johnsburg,100,,,nan,
12844,Kattskill Bay,,,50,nan,
12845,Lake George,25.56,22.22,21.11,1.11,2.22
12846,Lake Luzerne,35.71,28.57,7.14,nan,3.57
12847,Long Lake,,,100,nan,
12849,Middle Granville,60,,13.33,nan,
12850,Middle Grove,20,46.67,20,4.44,
12851,Minerva,,,50,nan,
12852,Newcomb,25,,50,nan,
12853,North Creek,31.25,6.25,56.25,6.25,
12854,North Granville,,,100,nan,
12856,North River,,100,,nan,
12859,Porter Corners,43.75,6.25,18.75,nan,
12861,Putnam Station,20,,40,nan,
12863,Rock City Falls,28.57,,28.57,nan,28.57
12865,Salem,35,10,30,5,
12866,Saratoga Springs,26.71,15.48,25.07,2.19,2.05
12870,Schroon Lake,23.53,17.65,17.65,5.88,11.76
12871,Schuylerville,37.88,15.15,12.12,nan,
12873,Shushan,42.86,14.29,14.29,nan,
12874,Silver Bay,50,,50,nan,
12878,Stony Creek,50,,50,nan,
12883,Ticonderoga,35.09,10.53,22.81,5.26,5.26
12884,Victory Mills,,,100,nan,
12885,Warrensburg,40.74,31.48,18.52,nan,1.85
12887,Whitehall,34.38,15.63,34.38,nan,
12901,Plattsburgh,32.28,16.71,25.36,2.59,2.31
12903,Plattsburgh,24,40,,nan,
12910,Altona,42.86,33.33,14.29,4.76,
12911,Keeseville,,,100,nan,
12912,Au Sable Forks,41.67,8.33,33.33,8.33,
12913,Bloomingdale,41.67,8.33,16.67,nan,8.33
12914,Bombay,,,100,nan,
12916,Brushton,20,15,5,nan,20
12917,Burke,28.57,,57.14,nan,
12918,Cadyville,48.84,4.65,20.93,6.98,
12919,Champlain,13.04,8.7,47.83,4.35,8.7
12920,Chateaugay,30,10,30,nan,10
12921,Chazy,21.88,15.63,50,nan,3.13
12923,Churubusco,100,,,nan,
12924,Keeseville,,,,nan,
12926,Constable,25,,25,nan,
12928,Crown Point,37.5,25,25,nan,
12930,Dickinson Center,14.29,,42.86,nan,28.57
12932,Elizabethtown,,33.33,,nan,
12934,Ellenburg Center,50,,50,nan,
12935,Ellenburg Depot,70,10,20,nan,
12936,Essex,,,100,nan,
12937,Fort Covington,16.67,,33.33,nan,33.33
12941,Jay,26.67,20,20,nan,6.67
12942,Keene,25,,,nan,
12943,Keene Valley,33.33,,66.67,nan,
12944,Keeseville,13.16,18.42,28.95,2.63,2.63
12945,Lake Clear,33.33,,33.33,nan,
12946,Lake Placid,22.22,20,13.33,2.22,6.67
12950,Lewis,20,,,nan,20
12952,Lyon Mountain,,,,nan,
12953,Malone,38.89,7.78,17.78,nan,11.11
12955,Lyon Mountain,28.57,14.29,14.29,nan,28.57
12956,Mineville,62.5,12.5,25,nan,
12957,Moira,83.33,,,nan,
12958,Mooers,12.5,12.5,37.5,nan,
12959,Mooers Forks,36.36,,36.36,nan,
12960,Moriah,25,,75,nan,
12961,Moriah Center,50,,50,nan,
12962,Morrisonville,28.71,13.86,20.79,0.99,7.92
12964,New Russia,,,,nan,
12965,Nicholville,,50,,nan,
12966,North Bangor,26.67,,,nan,13.33
12967,North Lawrence,,100,,nan,
12969,Owls Head,,,,nan,
12970,Paul Smiths,,100,,nan,
12972,Peru,23.29,13.7,30.14,1.37,5.48
12974,Port Henry,7.14,,60.71,nan,
12976,Rainbow Lake,,,100,nan,
12977,Ray Brook,33.33,66.67,,nan,
12978,Redford,20,20,,nan,
12979,Rouses Point,3.23,6.45,64.52,nan,6.45
12980,Saint Regis Falls,40,10,30,nan,10
12981,Saranac,28.13,3.13,43.75,nan,
12983,Saranac Lake,21.79,5.13,38.46,3.85,6.41
12985,Schuyler Falls,,,25,nan,25
12986,Tupper Lake,39.02,4.88,7.32,2.44,4.88
12987,Upper Jay,50,,50,nan,
12989,Vermontville,9.09,,,nan,
12992,West Chazy,20,2,58,2,
12993,Westport,16.67,8.33,33.33,8.33,
12996,Willsboro,9.09,9.09,22.73,nan,
12997,Wilmington,11.11,22.22,,33.33,
12998,Witherbee,,,100,nan,
13021,Auburn,28.6,11.16,16.28,3.95,0.47
13026,Aurora,42.86,,28.57,nan,
13027,Baldwinsville,25.61,9.76,18.05,2.44,2.2
13028,Bernhards Bay,80,,,nan,
13029,Brewerton,23.75,7.5,23.75,6.25,2.5
13030,Bridgeport,23.81,14.29,4.76,4.76,
13031,Camillus,22.33,7.28,24.27,3.88,2.43
13032,Canastota,28.97,7.48,21.5,2.8,3.74
13033,Cato,23.81,19.05,4.76,nan,4.76
13034,Cayuga,38.46,7.69,38.46,nan,
13035,Cazenovia,25,2.78,24.07,4.63,
13036,Central Square,27.03,1.35,25.68,4.05,
13037,Chittenango,20.51,7.69,20.51,1.28,1.28
13039,Cicero,25.36,10.51,16.67,2.54,3.62
13040,Cincinnatus,57.14,,14.29,nan,14.29
13041,Clay,21.09,10.94,23.44,2.34,3.91
13042,Cleveland,42.86,,,nan,14.29
13044,Constantia,40,10,40,nan,
13045,Cortland,22.33,17.48,16.5,1.94,2.91
13052,De Ruyter,25,,25,nan,
13053,Dryden,18.92,21.62,16.22,5.41,5.41
13054,Durhamville,50,,50,nan,
13057,East Syracuse,22.58,11.29,23.39,nan,3.23
13060,Elbridge,21.05,5.26,15.79,nan,
13061,Erieville,,20,,20,
13063,Fabius,22.22,5.56,22.22,nan,5.56
13066,Fayetteville,16.4,7.94,34.39,5.29,
13068,Freeville,31.03,13.79,10.34,10.34,
13069,Fulton,26.81,7.97,18.84,2.9,2.17
13071,Genoa,11.11,,66.67,22.22,
13072,Georgetown,100,,,nan,
13073,Groton,35.29,14.71,8.82,nan,
13074,Hannibal,33.33,,,nan,
13076,Hastings,30,35,5,nan,
13077,Homer,13.56,27.12,13.56,3.39,8.47
13078,Jamesville,18,6,28,3.33,
13080,Jordan,14.29,9.52,19.05,4.76,9.52
13081,King Ferry,,,,33.33,
13082,Kirkville,46.43,10.71,10.71,3.57,
13083,Lacona,,16.67,50,nan,
13084,La Fayette,38.89,11.11,16.67,nan,5.56
13087,Little York,100,,,nan,
13088,Liverpool,28.24,5.56,18.06,2.78,5.09
13090,Liverpool,20.19,13.62,17.84,2.11,0.7
13092,Locke,40,20,20,nan,
13101,Mc Graw,29.41,11.76,5.88,5.88,
13104,Manlius,20.31,12.11,22.66,3.91,2.34
13108,Marcellus,22.73,16.67,15.15,4.55,1.52
13110,Marietta,45,,15,10,
13111,Martville,50,25,25,nan,
13112,Memphis,11.11,,11.11,11.11,22.22
13114,Mexico,23.53,11.76,5.88,2.94,
13115,Minetto,,,,nan,
13116,Minoa,30.56,5.56,13.89,5.56,5.56
13118,Moravia,23.68,5.26,18.42,2.63,
13120,Nedrow,36.36,9.09,18.18,nan,
13122,New Woodstock,,,10,nan,
13126,Oswego,31.53,12.81,12.32,2.46,2.46
13131,Parish,18.18,9.09,18.18,nan,18.18
13132,Pennellville,33.33,,33.33,nan,
13135,Phoenix,27.91,4.65,23.26,2.33,4.65
13136,Pitcher,,100,,nan,
13140,Port Byron,,,,7.14,
13141,Preble,25,,,nan,
13142,Pulaski,30,10,10,8,
13143,Red Creek,20,10,30,nan,
13144,Richland,21.43,,7.14,nan,
13145,Sandy Creek,40,,40,nan,
13146,Savannah,100,,,nan,
13147,Scipio Center,,,25,nan,
13148,Seneca Falls,14.97,29.25,12.93,2.72,1.36
13152,Skaneateles,11.11,15.08,18.25,2.38,0.79
13153,Skaneateles Falls,,,33.33,33.33,
13155,South Otselic,33.33,,66.67,nan,
13156,Sterling,33.33,,,nan,
13157,Sylvan Beach,33.33,66.67,,nan,
13158,Truxton,50,,,10,
13159,Tully,28.57,4.76,21.43,2.38,
13160,Union Springs,50,,20,nan,
13162,Verona Beach,,100,,nan,
13163,Wampsville,33.33,,33.33,nan,
13164,Warners,25.58,13.95,16.28,6.98,2.33
13165,Waterloo,34.43,8.2,6.56,3.28,1.64
13166,Weedsport,27.91,9.3,27.91,6.98,
13167,West Monroe,31.25,6.25,37.5,6.25,
13202,Syracuse,25.49,5.88,21.57,1.96,3.92
13203,Syracuse,24.53,9.43,18.87,nan,3.77
13204,Syracuse,30.28,8.26,22.02,4.59,3.67
13205,Syracuse,33.33,14.58,6.25,6.25,
13206,Syracuse,28.57,13.1,15.48,3.57,4.76
13207,Syracuse,31.08,9.46,17.57,6.76,1.35
13208,Syracuse,36.63,8.91,10.89,1.98,2.97
13209,Syracuse,27.73,11.76,21.01,4.2,0.84
13210,Syracuse,23.47,11.22,18.37,2.04,5.1
13211,Syracuse,45.83,4.17,20.83,nan,
13212,Syracuse,21.69,8.47,20.63,1.59,1.59
13214,Syracuse,16,12,21.33,6.67,
13215,Syracuse,25.84,7.3,21.91,8.99,1.12
13219,Syracuse,23.2,4.97,16.57,2.21,9.39
13224,Syracuse,28.57,3.57,10.71,nan,1.79
13244,Syracuse,18.18,,18.18,9.09,
13301,Alder Creek,100,,,nan,
13302,Altmar,75,,,nan,
13303,Ava,,25,50,nan,
13304,Barneveld,13.33,,20,nan,6.67
13308,Blossvale,10,,20,nan,
13309,Boonville,26.92,11.54,15.38,15.38,
13310,Bouckville,,50,50,nan,
13312,Brantingham,50,,,nan,
13313,Bridgewater,,,,nan,
13314,Brookfield,,25,25,nan,
13315,Burlington Flats,16.67,33.33,,nan,
13316,Camden,13.64,9.09,36.36,nan,
13317,Canajoharie,30.56,27.78,13.89,2.78,
13318,Cassville,27.27,,72.73,nan,
13319,Chadwicks,66.67,,,33.33,
13320,Cherry Valley,9.09,9.09,18.18,nan,9.09
13321,Clark Mills,25,25,25,nan,25
13322,Clayville,27.27,9.09,,nan,
13323,Clinton,22.22,6.48,26.85,6.48,4.63
13324,Cold Brook,33.33,,,nan,
13325,Constableville,100,,,nan,
13326,Cooperstown,14,16,22,2,4
13327,Croghan,36.36,18.18,27.27,nan,9.09
13328,Deansboro,33.33,,33.33,nan,
13329,Dolgeville,22.22,18.52,18.52,3.7,3.7
13331,Eagle Bay,50,,,nan,
13332,Earlville,10,20,40,nan,
13334,Eaton,100,,,nan,
13335,Edmeston,50,,12.5,nan,
13337,Fly Creek,33.33,,33.33,nan,
13338,Forestport,18.18,36.36,18.18,nan,
13339,Fort Plain,20,16,18,12,2
13340,Frankfort,45.98,10.34,10.34,5.75,
13343,Glenfield,,,60,nan,
13345,Greig,,,,nan,
13346,Hamilton,15,10,27.5,nan,2.5
13348,Hartwick,33.33,,50,nan,
13350,Herkimer,34.09,14.77,26.14,2.27,
13354,Holland Patent,23.33,3.33,23.33,6.67,6.67
13355,Hubbardsville,33.33,,,nan,
13357,Ilion,22.22,12.22,35.56,nan,2.22
13360,Inlet,,25,,nan,
13361,Jordanville,,,50,nan,
13363,Lee Center,17.86,3.57,14.29,nan,3.57
13364,Leonardsville,,100,,nan,
13365,Little Falls,46.03,14.29,14.29,nan,1.59
13367,Lowville,26.42,5.66,16.98,5.66,1.89
13368,Lyons Falls,66.67,,33.33,nan,
13402,Madison,,,40,nan,
13403,Marcy,36.54,13.46,17.31,1.92,1.92
13406,Middleville,66.67,,33.33,nan,
13407,Mohawk,25.64,20.51,43.59,nan,
13408,Morrisville,33.33,,16.67,nan,
13409,Munnsville,40,,20,20,
13410,Nelliston,,7.14,78.57,nan,
13411,New Berlin,23.08,,30.77,nan,7.69
13413,New Hartford,32.88,10.36,26.58,1.8,2.25
13416,Newport,37.5,6.25,18.75,nan,
13417,New York Mills,38.64,9.09,20.45,nan,
13418,North Brookfield,,,100,nan,
13420,Old Forge,30,,5,5,
13421,Oneida,24.59,4.92,27.05,0.82,0.82
13424,Oriskany,39.13,4.35,26.09,nan,
13425,Oriskany Falls,30,,20,nan,10
13428,Palatine Bridge,25,20,5,nan,10
13431,Poland,28.57,14.29,28.57,nan,
13433,Port Leyden,71.43,,14.29,nan,
13435,Prospect,,,50,nan,50
13436,Raquette Lake,50,,50,nan,
13437,Redfield,,,100,nan,
13438,Remsen,15.79,10.53,,nan,31.58
13439,Richfield Springs,38.46,,30.77,nan,7.69
13440,Rome,33.01,9.8,22.22,3.27,2.94
13450,Roseboom,66.67,,33.33,nan,
13452,Saint Johnsville,27.03,10.81,45.95,2.7,
13454,Salisbury Center,,,100,nan,
13456,Sauquoit,36.84,7.02,22.81,nan,5.26
13459,Sharon Springs,50,40,,nan,
13460,Sherburne,13.04,13.04,13.04,13.04,
13461,Sherrill,53.33,4.44,17.78,2.22,4.44
13464,Smyrna,,33.33,16.67,nan,
13468,Springfield Center,66.67,,,33.33,
13470,Stratford,,50,,nan,
13471,Taberg,42.86,21.43,21.43,nan,
13472,Thendara,,,,nan,
13473,Turin,33.33,,,nan,
13476,Vernon,22.22,5.56,27.78,nan,
13477,Vernon Center,,,33.33,nan,33.33
13478,Verona,32.35,14.71,26.47,nan,
13480,Waterville,28.57,17.86,21.43,nan,3.57
13483,Westdale,100,,,nan,
13485,West Edmeston,,12.5,25,12.5,
13486,Westernville,,,66.67,nan,
13490,Westmoreland,23.53,17.65,11.76,nan,5.88
13491,West Winfield,15,10,30,nan,5
13492,Whitesboro,35.58,14.11,15.95,0.61,1.84
13493,Williamstown,,,,nan,
13494,Woodgate,20,,20,nan,
13495,Yorkville,18.75,6.25,12.5,nan,6.25
13501,Utica,41.48,13.97,21.83,0.87,2.62
13502,Utica,43.25,14.29,17.86,1.59,1.19
13601,Watertown,27.11,6.59,11.72,2.93,1.47
13602,Fort Drum,7.69,7.69,11.54,nan,
13603,Watertown,15.56,11.11,12.22,4.44,
13605,Adams,18.18,4.55,13.64,nan,4.55
13606,Adams Center,8.33,8.33,8.33,nan,8.33
13607,Alexandria Bay,,6.67,26.67,6.67,6.67
13608,Antwerp,20,40,20,nan,
13611,Belleville,75,25,,nan,
13612,Black River,6.67,,40,nan,
13613,Brasher Falls,30,,20,10,
13614,Brier Hill,,,,nan,
13615,Brownville,16.67,50,,nan,
13616,Calcium,28.57,21.43,14.29,nan,
13617,Canton,22.5,6.25,21.25,3.75,
13618,Cape Vincent,29.17,4.17,12.5,12.5,4.17
13619,Carthage,21.43,7.14,20,4.29,
13620,Castorland,9.09,,36.36,13.64,
13621,Chase Mills,,100,,nan,
13622,Chaumont,46.15,,7.69,nan,
13624,Clayton,21.43,7.14,17.86,nan,
13625,Colton,18.18,9.09,45.45,9.09,9.09
13626,Copenhagen,22.22,,22.22,11.11,5.56
13630,De Kalb Junction,50,,,nan,
13632,Depauville,,,50,nan,
13634,Dexter,19.57,13.04,17.39,nan,2.17
13635,Edwards,25,,25,nan,
13636,Ellisburg,,,50,nan,50
13637,Evans Mills,15.79,7.89,21.05,2.63,
13640,Wellesley Island,44.44,,22.22,nan,11.11
13642,Gouverneur,26,4,26,2,4
13646,Hammond,15.38,7.69,7.69,nan,
13648,Harrisville,21.43,7.14,35.71,nan,
13650,Henderson,,,,nan,50
13651,Henderson Harbor,,33.33,50,nan,
13652,Hermon,37.5,,25,nan,
13654,Heuvelton,14.29,,42.86,nan,14.29
13655,Hogansburg,23.08,7.69,15.38,nan,
13656,La Fargeville,18.18,18.18,4.55,nan,
13658,Lisbon,9.09,,9.09,nan,
13659,Lorraine,,,50,nan,
13660,Madrid,14.29,,14.29,nan,
13661,Mannsville,,,100,nan,
13662,Massena,25.24,12.62,22.33,2.91,3.88
13664,Morristown,,,,nan,
13665,Natural Bridge,14.29,,71.43,nan,
13666,Newton Falls,,,66.67,nan,
13667,Norfolk,44.44,,16.67,nan,
13668,Norwood,15.15,18.18,33.33,nan,
13669,Ogdensburg,20.56,10.28,14.95,1.87,7.48
13672,Parishville,20,40,20,20,
13673,Philadelphia,12.5,6.25,18.75,6.25,
13676,Potsdam,12.66,7.59,30.38,2.53,1.27
13679,Redwood,,,25,nan,12.5
13680,Rensselaer Falls,33.33,,66.67,nan,
13681,Richville,50,,,nan,
13682,Rodman,33.33,,33.33,nan,
13684,Russell,5.56,5.56,38.89,nan,5.56
13685,Sackets Harbor,16.67,8.33,16.67,nan,4.17
13690,Star Lake,60,,,nan,
13691,Theresa,11.11,50,,nan,
13692,Thousand Island Park,,,100,nan,
13693,Three Mile Bay,40,,,40,
13694,Waddington,22.22,11.11,33.33,nan,
13697,Winthrop,50,,16.67,nan,16.67
13699,Potsdam,,,66.67,nan,
13730,Afton,11.11,33.33,11.11,nan,
13731,Andes,25,25,,nan,
13732,Apalachin,29.29,1.01,10.1,5.05,2.02
13733,Bainbridge,27.27,6.06,18.18,6.06,3.03
13734,Barton,40,,20,20,
13736,Berkshire,,25,12.5,nan,
13739,Bloomville,33.33,,33.33,nan,
13740,Bovina Center,100,,,nan,
13743,Candor,43.75,6.25,6.25,nan,6.25
13744,Castle Creek,14.29,42.86,,nan,14.29
13746,Chenango Forks,23.08,30.77,23.08,nan,
13748,Conklin,18.37,38.78,12.24,2.04,
13750,Davenport,45.45,36.36,9.09,9.09,
13751,Davenport Center,,,100,nan,
13752,Delancey,,80,10,nan,
13753,Delhi,26.47,17.65,14.71,11.76,
13754,Deposit,20,20,10,nan,10
13755,Downsville,100,,,nan,
13756,East Branch,75,25,,nan,
13757,East Meredith,22.22,5.56,22.22,nan,
13760,Endicott,26.87,14.29,13.65,2.35,2.56
13775,Franklin,38.46,23.08,7.69,nan,7.69
13776,Gilbertsville,,,33.33,nan,
13777,Glen Aubrey,100,,,nan,
13778,Greene,35,10,10,2.5,
13780,Guilford,50,50,,nan,
13782,Hamden,100,,,nan,
13783,Hancock,33.33,,25,nan,
13786,Harpersfield,,,,nan,
13787,Harpursville,21.43,14.29,,nan,
13788,Hobart,31.25,25,31.25,nan,
13790,Johnson City,36.07,10.66,18.85,3.28,5.74
13795,Kirkwood,54.55,12.12,3.03,nan,
13796,Laurens,,40,40,nan,
13797,Lisle,18.18,9.09,,nan,9.09
13801,Mc Donough,,,,nan,
13802,Maine,20,20,,nan,
13803,Marathon,44.44,,5.56,nan,5.56
13804,Masonville,66.67,,,nan,
13807,Milford,50,,,nan,16.67
13808,Morris,26.67,20,33.33,nan,
13809,Mount Upton,28.57,,,nan,14.29
13810,Mount Vision,8.11,48.65,8.11,5.41,
13811,Newark Valley,30,25,20,nan,
13812,Nichols,42.86,14.29,,14.29,14.29
13813,Nineveh,,,,nan,
13815,Norwich,28.26,16.3,22.83,2.17,1.09
13820,Oneonta,24.86,20.23,17.34,5.78,2.31
13825,Otego,28.57,7.14,14.29,nan,
13827,Owego,29.59,12.24,5.1,2.04,1.02
13830,Oxford,41.18,,17.65,5.88,
13833,Port Crane,20,10,20,nan,5
13835,Richford,20,20,,nan,
13838,Sidney,36.59,17.07,12.2,4.88,
13839,Sidney Center,,100,,nan,
13841,Smithville Flats,,,,nan,
13842,South Kortright,100,,,nan,
13843,South New Berlin,14.29,28.57,14.29,nan,
13844,South Plymouth,100,,,nan,
13846,Treadwell,40,20,40,nan,
13849,Unadilla,54.05,16.22,8.11,nan,
13850,Vestal,32.13,16.06,8.84,2.81,2.01
13856,Walton,35.71,25,25,nan,3.57
13859,Wells Bridge,83.33,,,nan,
13861,West Oneonta,25,37.5,,12.5,
13862,Whitney Point,45.45,27.27,9.09,18.18,
13863,Willet,33.33,,,nan,
13864,Willseyville,50,25,,nan,
13865,Windsor,28.57,20,20,2.86,
13901,Binghamton,36.02,15.53,13.66,3.11,2.48
13903,Binghamton,37.42,20.25,12.88,2.45,1.23
13904,Binghamton,12.28,26.32,10.53,1.75,
13905,Binghamton,27.62,15.47,16.02,3.31,1.66
14001,Akron,6.67,3.33,10,nan,1.11
14004,Alden,13.83,6.38,8.51,3.19,
14005,Alexander,6.67,,13.33,6.67,13.33
14006,Angola,4,4,6.67,4,
14008,Appleton,14.29,,14.29,nan,
14009,Arcade,20,10,2.5,2.5,
14011,Attica,15.87,4.76,15.87,nan,
14012,Barker,,,10,nan,
14013,Basom,25,12.5,18.75,nan,
14020,Batavia,11.74,8.7,10.87,0.87,3.48
14024,Bliss,,16.67,,nan,
14025,Boston,6.25,3.13,9.38,9.38,
14026,Bowmansville,16.67,,,nan,16.67
14028,Burt,,12.5,12.5,nan,
14030,Chaffee,20,,20,nan,10
14031,Clarence,11.28,4.51,12.78,0.75,
14032,Clarence Center,5.75,2.3,15.52,nan,
14033,Colden,,,11.76,nan,
14034,Collins,7.69,,23.08,nan,
14036,Corfu,7.69,,,3.85,11.54
14037,Cowlesville,16.67,,,nan,
14040,Darien Center,,,20,nan,
14041,Dayton,,,,nan,
14042,Delevan,6.67,6.67,6.67,nan,
14043,Depew,6.88,2.9,5.8,1.45,1.45
14047,Derby,7.69,3.85,5.77,nan,
14048,Dunkirk,10.46,2.61,3.27,nan,1.96
14051,East Amherst,9.26,3.39,8.35,2.03,2.26
14052,East Aurora,8.45,,7.51,1.41,1.88
14054,East Bethany,,33.33,,nan,
14055,East Concord,,,16.67,16.67,16.67
14056,East Pembroke,,,100,nan,
14057,Eden,9.52,,17.46,3.17,3.17
14058,Elba,10.34,10.34,31.03,nan,
14059,Elma,8.41,3.74,3.74,0.93,4.67
14060,Farmersville Station,,,,nan,100
14062,Forestville,7.14,7.14,3.57,nan,3.57
14063,Fredonia,10.77,3.08,7.69,5.38,1.54
14065,Freedom,36.36,,,nan,9.09
14066,Gainesville,,33.33,,nan,
14067,Gasport,22.86,2.86,5.71,2.86,2.86
14068,Getzville,4.55,0.91,5.45,1.82,1.82
14069,Glenwood,25,,,25,
14070,Gowanda,10.71,,7.14,nan,3.57
14072,Grand Island,10,3.64,6.97,2.12,2.42
14075,Hamburg,7.39,2.46,6.9,1.31,2.3
14080,Holland,15.38,,11.54,nan,7.69
14081,Irving,13.64,,13.64,nan,4.55
14082,Java Center,,,,nan,
14083,Java Village,,,,nan,
14085,Lake View,8.78,1.35,7.43,nan,1.35
14086,Lancaster,8.55,5.58,9.11,2.42,2.42
14091,Lawtons,12.5,12.5,,nan,25
14092,Lewiston,4.5,3,5.5,2.5,2
14094,Lockport,9.27,2.76,7.27,0.75,1.75
14098,Lyndonville,8.7,4.35,4.35,nan,
14101,Machias,18.75,,,nan,
14102,Marilla,33.33,,20,nan,
14103,Medina,8,2,6,nan,2
14105,Middleport,,,11.11,7.41,
14108,Newfane,33.33,3.03,3.03,3.03,3.03
14109,Niagara University,,,,nan,
14111,North Collins,4.55,,,nan,
14113,North Java,,,,nan,
14120,North Tonawanda,8.51,3.44,7.07,1.27,1.45
14125,Oakfield,20,,10,nan,
14127,Orchard Park,8.68,1.51,11.13,2.64,1.13
14129,Perrysburg,7.69,,7.69,nan,
14131,Ransomville,11.63,,6.98,2.33,2.33
14132,Sanborn,6.98,6.98,13.95,nan,
14136,Silver Creek,3.57,3.57,7.14,3.57,7.14
14138,South Dayton,,,,nan,11.11
14139,South Wales,8.33,,,nan,
14141,Springville,7.55,1.89,3.77,nan,
14143,Stafford,50,,,nan,
14145,Strykersville,,,9.09,nan,
14150,Tonawanda,5.5,5.05,8.26,0.69,1.15
14167,Varysburg,,,,nan,28.57
14170,West Falls,,,4.35,nan,
14171,West Valley,11.11,11.11,22.22,nan,
14172,Wilson,12.5,6.25,6.25,nan,
14173,Yorkshire,10,,,nan,10
14174,Youngstown,9.33,1.33,8,2.67,4
14201,Buffalo,8.42,2.11,7.37,4.21,2.11
14202,Buffalo,6.82,2.27,5.68,1.14,1.14
14203,Buffalo,7.69,2.56,7.69,5.13,
14204,Buffalo,22.86,,5.71,nan,2.86
14206,Buffalo,21.71,2.33,7.75,3.1,2.33
14207,Buffalo,27.47,2.2,3.3,1.1,2.2
14208,Buffalo,12,16,8,nan,
14209,Buffalo,11.63,4.65,2.33,5.81,
14210,Buffalo,10.96,2.74,8.22,2.74,1.37
14211,Buffalo,11.9,4.76,2.38,2.38,
14212,Buffalo,6.67,,6.67,nan,
14213,Buffalo,7.26,4.84,3.23,1.61,
14214,Buffalo,9.85,9.09,6.82,2.27,1.52
14215,Buffalo,13.79,6.9,4.6,2.3,
14216,Buffalo,6.62,1.66,6.62,1.99,1.99
14217,Buffalo,6.56,4.26,9.84,0.33,1.64
14218,Buffalo,11.11,,7.41,2.78,0.93
14219,Buffalo,4.72,0.94,7.55,0.94,1.89
14220,Buffalo,9.62,3.46,11.54,1.15,1.15
14221,Buffalo,9.26,3.56,11.16,2.61,1.54
14222,Buffalo,7.57,2.7,5.95,1.08,
14223,Buffalo,8.64,3.65,8.64,1.33,1.33
14224,Buffalo,7.2,3.2,10.2,1.6,1.8
14225,Buffalo,7.47,3.9,8.12,1.62,2.6
14226,Buffalo,7.21,2.88,10.34,2.4,1.2
14227,Buffalo,11.29,3.23,6.45,0.81,0.81
14228,Buffalo,12.4,4.4,4.8,1.6,3.6
14260,Buffalo,,,,100,
14261,Buffalo,20,,20,20,
14301,Niagara Falls,15.38,3.85,9.62,nan,5.77
14303,Niagara Falls,3.13,,6.25,nan,6.25
14304,Niagara Falls,11.95,3.21,9.91,0.58,2.33
14305,Niagara Falls,30.71,2.14,5.71,1.43,0.71
14411,Albion,20.51,7.69,7.69,1.28,
14414,Avon,28.57,1.43,8.57,1.43,
14416,Bergen,,,20,nan,
14418,Branchport,6.67,,46.67,6.67,6.67
14420,Brockport,13.98,5.38,7.53,2.15,1.61
14422,Byron,31.25,6.25,,12.5,
14423,Caledonia,9.68,6.45,16.13,3.23,3.23
14424,Canandaigua,14.09,5.84,15.81,4.12,3.09
14425,Farmington,20,6.96,13.04,2.61,2.61
14427,Castile,12.5,,6.25,nan,
14428,Churchville,11.88,10.89,10.89,3.96,2.97
14432,Clifton Springs,2.94,5.88,5.88,nan,
14433,Clyde,37.84,2.7,8.11,5.41,
14435,Conesus,12,4,4,4,
14437,Dansville,21.67,6.67,15,nan,1.67
14441,Dresden,,,,nan,
14445,East Rochester,23.81,6.35,12.7,1.59,1.59
14450,Fairport,15.47,6.43,20.52,2.45,1.68
14454,Geneseo,15.38,16.48,21.98,1.1,1.1
14456,Geneva,13.44,13.44,20.43,2.15,2.69
14462,Groveland,,20,,nan,
14464,Hamlin,12.07,18.97,6.9,5.17,1.72
14466,Hemlock,25,,16.67,nan,8.33
14467,Henrietta,14.46,2.41,4.82,2.41,2.41
14468,Hilton,14.52,4.84,16.13,3.23,3.23
14469,Bloomfield,13.89,5.56,5.56,5.56,2.78
14470,Holley,10.81,10.81,13.51,2.7,
14471,Honeoye,21.05,5.26,5.26,5.26,
14472,Honeoye Falls,15.83,5.04,14.39,7.19,2.16
14475,Ionia,,,100,nan,
14476,Kendall,13.33,6.67,,nan,
14477,Kent,7.69,,,nan,
14478,Keuka Park,60,,,nan,20
14479,Knowlesville,,,,nan,
14480,Lakeville,12.5,,12.5,nan,12.5
14481,Leicester,12.5,,41.67,nan,4.17
14482,Le Roy,15.48,3.57,11.9,1.19,
14485,Lima,21.95,4.88,14.63,4.88,2.44
14486,Linwood,,,,100,
14487,Livonia,20,2.67,9.33,1.33,2.67
14489,Lyons,26.47,11.76,35.29,nan,
14502,Macedon,15.63,7.03,7.81,1.56,1.56
14504,Manchester,14.29,14.29,14.29,nan,14.29
14505,Marion,33.33,11.11,11.11,nan,
14506,Mendon,,,14.29,nan,4.76
14507,Middlesex,25,,25,nan,
14510,Mount Morris,35,10,5,nan,5
14511,Mumford,57.14,,28.57,nan,
14512,Naples,7.69,,23.08,3.85,3.85
14513,Newark,24.66,9.59,8.22,2.74,1.37
14514,North Chili,14.63,9.76,9.76,3.66,7.32
14516,North Rose,,,14.29,nan,28.57
14517,Nunda,10.71,7.14,10.71,nan,
14519,Ontario,15.38,8.39,10.49,2.1,0.7
14521,Ovid,41.67,,33.33,nan,
14522,Palmyra,26.98,,14.29,1.59,
14525,Pavilion,20,6.67,6.67,nan,
14526,Penfield,12.06,9.8,15.58,4.02,3.27
14527,Penn Yan,19.39,12.24,11.22,1.02,3.06
14530,Perry,17.14,8.57,8.57,2.86,5.71
14532,Phelps,25,10,10,5,
14533,Piffard,13.33,13.33,20,nan,
14534,Pittsford,12.23,7.91,21.04,3.24,0.54
14539,Retsof,,,,nan,
14541,Romulus,4.76,9.52,4.76,4.76,14.29
14543,Rush,25,5.56,13.89,2.78,11.11
14544,Rushville,30,20,10,nan,
14546,Scottsville,12.9,,6.45,3.23,3.23
14548,Shortsville,17.24,3.45,34.48,nan,
14550,Silver Springs,,,7.14,nan,7.14
14551,Sodus,21.43,14.29,17.86,nan,
14555,Sodus Point,,12.5,12.5,12.5,12.5
14557,South Byron,,,,nan,
14559,Spencerport,18.11,8.64,18.11,0.82,2.06
14560,Springwater,10,,50,nan,
14561,Stanley,25,12.5,,nan,
14564,Victor,12.76,7.24,16.9,3.45,1.72
14568,Walworth,24.19,1.61,16.13,nan,
14569,Warsaw,17.46,9.52,11.11,nan,1.59
14571,Waterport,20,,30,nan,
14572,Wayland,23.53,2.94,17.65,5.88,
14580,Webster,16.06,4.86,14.44,3.37,3.51
14586,West Henrietta,17.65,4.41,10.29,1.47,2.21
14589,Williamson,14.71,2.94,14.71,11.76,
14590,Wolcott,28.57,7.14,14.29,nan,
14591,Wyoming,20,,,nan,
14592,York,,,100,nan,
14604,Rochester,23.81,4.76,14.29,7.14,
14605,Rochester,31.82,13.64,4.55,nan,
14606,Rochester,23.61,2.78,15.97,2.78,2.78
14607,Rochester,15.95,9.82,13.5,6.13,1.84
14608,Rochester,17.86,7.14,10.71,3.57,3.57
14609,Rochester,24.13,12.24,11.19,2.45,2.45
14610,Rochester,15.63,6.25,17.71,2.08,
14611,Rochester,20,10,10,5,
14612,Rochester,19.7,4.71,13.7,3,2.36
14613,Rochester,14.71,5.88,5.88,nan,8.82
14614,Rochester,25,,16.67,nan,
14615,Rochester,19.74,10.53,14.47,1.32,1.32
14616,Rochester,13.08,8.41,11.53,2.49,1.25
14617,Rochester,17.15,8.09,13.92,2.91,0.97
14618,Rochester,18.36,10.49,15.08,4.59,1.64
14619,Rochester,21.21,18.18,6.06,3.03,
14620,Rochester,17.95,8.97,12.82,1.28,1.28
14621,Rochester,32.58,10.11,6.74,nan,3.37
14622,Rochester,27.56,10.24,11.02,1.57,
14623,Rochester,20.34,10.73,10.73,1.69,1.69
14624,Rochester,17.83,8.43,14.22,3.37,2.17
14625,Rochester,12.77,2.84,19.86,6.38,4.96
14626,Rochester,20.94,8.82,8.54,3.58,2.2
14627,Rochester,20,20,40,20,
14701,Jamestown,9.46,4.3,6.88,1.43,2.29
14706,Allegany,6.58,2.63,5.26,1.32,
14709,Angelica,,,33.33,22.22,
14710,Ashville,11.54,,11.54,nan,3.85
14711,Belfast,18.18,,18.18,nan,
14712,Bemus Point,5.77,,5.77,1.92,1.92
14715,Bolivar,,,8.33,4.17,
14716,Brocton,12.5,,12.5,nan,
14717,Caneadea,7.69,38.46,7.69,15.38,
14718,Cassadaga,,,6.67,nan,
14719,Cattaraugus,3.45,,6.9,nan,
14721,Ceres,,,50,nan,
14722,Chautauqua,,,25,nan,
14723,Cherry Creek,14.29,,42.86,nan,
14724,Clymer,2.04,,2.04,2.04,
14726,Conewango Valley,20,,20,nan,
14727,Cuba,14.29,,11.9,nan,
14728,Dewittville,10,,,nan,10
14729,East Otto,,,,nan,
14731,Ellicottville,15.79,,10.53,5.26,
14733,Falconer,11.76,5.88,5.88,nan,5.88
14735,Fillmore,5,,30,nan,
14736,Findley Lake,,,16.67,nan,
14737,Franklinville,20,,,nan,
14738,Frewsburg,11.11,,4.44,nan,2.22
14739,Friendship,33.33,,16.67,nan,
14740,Gerry,5.26,,5.26,5.26,
14741,Great Valley,,,17.65,5.88,5.88
14743,Hinsdale,30,,,nan,
14744,Houghton,44.44,,,nan,
14747,Kennedy,14.29,,,14.29,
14748,Kill Buck,,,,nan,
14750,Lakewood,7.35,2.94,5.88,nan,1.47
14753,Limestone,,20,20,nan,20
14754,Little Genesee,,,,nan,
14755,Little Valley,15.79,,10.53,nan,
14757,Mayville,21.21,,,nan,
14760,Olean,12.23,2.66,6.38,2.13,1.6
14767,Panama,,7.14,,7.14,14.29
14769,Portland,,,,nan,
14770,Portville,11.11,,3.7,3.7,
14772,Randolph,9.52,,4.76,nan,
14775,Ripley,,,,nan,
14777,Rushford,,,,nan,
14779,Salamanca,15.15,3.03,,nan,3.03
14781,Sherman,6.67,,,nan,
14782,Sinclairville,5.88,,5.88,nan,5.88
14783,Steamburg,,,,nan,
14784,Stockton,,,,nan,20
14787,Westfield,21.43,4.76,4.76,nan,
14801,Addison,23.08,3.85,15.38,3.85,3.85
14802,Alfred,14.29,14.29,,nan,
14803,Alfred Station,8.33,8.33,16.67,nan,
14804,Almond,,,16.67,8.33,
14805,Alpine,20,80,,nan,
14806,Andover,15.38,,30.77,nan,
14807,Arkport,12.2,4.88,9.76,12.2,
14809,Avoca,30,,,nan,
14810,Bath,30.21,7.29,7.29,4.17,2.08
14812,Beaver Dams,46.67,6.67,13.33,nan,
14813,Belmont,,,23.08,15.38,
14814,Big Flats,18.18,4.55,43.18,nan,2.27
14815,Bradford,33.33,,,nan,
14816,Breesport,,,33.33,nan,
14817,Brooktondale,14.29,28.57,14.29,7.14,
14818,Burdett,38.46,7.69,23.08,nan,
14819,Cameron,,50,,nan,
14820,Cameron Mills,16.67,,66.67,nan,
14821,Campbell,17.86,3.57,7.14,10.71,
14822,Canaseraga,,7.69,15.38,nan,
14823,Canisteo,16.22,13.51,13.51,nan,2.7
14824,Cayuta,,100,,nan,
14825,Chemung,33.33,66.67,,nan,
14826,Cohocton,18.18,,,54.55,
14830,Corning,22.37,8.68,7.76,0.46,1.83
14836,Dalton,,,45.45,9.09,
14837,Dundee,28.57,2.86,5.71,2.86,2.86
14838,Erin,81.82,,,nan,
14839,Greenwood,,,,nan,
14840,Hammondsport,37.5,,15,5,7.5
14841,Hector,16.67,16.67,,nan,
14842,Himrod,,,33.33,nan,
14843,Hornell,28.47,8.33,5.56,0.69,1.39
14845,Horseheads,23.94,11.97,14.67,0.77,1.54
14846,Hunt,,,14.29,28.57,
14847,Interlaken,47.62,4.76,,nan,9.52
14850,Ithaca,17.46,9.92,15.48,4.37,1.19
14853,Ithaca,50,,12.5,12.5,
14858,Lindley,,22.22,11.11,nan,11.11
14860,Lodi,,28.57,,14.29,
14861,Lowman,100,,,nan,
14864,Millport,33.33,33.33,16.67,nan,
14865,Montour Falls,12.5,6.25,25,6.25,
14867,Newfield,27.27,,13.64,4.55,4.55
14869,Odessa,10,20,10,10,
14870,Painted Post,21.59,12.5,15.91,1.14,2.27
14871,Pine City,11.69,19.48,5.19,5.19,2.6
14872,Pine Valley,50,,25,nan,
14873,Prattsburgh,36.36,9.09,,nan,
14877,Rexville,,,,nan,
14878,Rock Stream,,,25,25,
14879,Savona,60,20,6.67,nan,
14880,Scio,10,,10,nan,10
14882,Lansing,29.17,12.5,16.67,4.17,2.08
14883,Spencer,22.22,11.11,11.11,11.11,
14884,Swain,,,,nan,
14885,Troupsburg,,,,nan,
14886,Trumansburg,13.64,10.61,13.64,1.52,4.55
14889,Van Etten,9.09,27.27,27.27,nan,
14891,Watkins Glen,20,20,10,nan,5
14892,Waverly,27.66,14.89,14.89,4.26,
14894,Wellsburg,11.11,11.11,33.33,11.11,
14895,Wellsville,22.5,15,2.5,5,
14897,Whitesville,,,,nan,
14898,Woodhull,,33.33,66.67,nan,
14901,Elmira,35.48,8.06,8.06,1.61,3.23
14903,Elmira,35.25,5.74,9.02,2.46,2.46
14904,Elmira,27.83,6.96,13.04,1.74,3.48
14905,Elmira,22.22,5.93,16.3,2.96,0.74